"QUARTIERS BOULEVARDS, RUES, RUELLES, ETC.",HABITATIONS ET LOGEMENTS,POPULATION MASC.,POPULATION FEM.,POPULATION TOTAL
GOUMROUK - Kism 1 T. 1,,,,
El Sayala el Kobra,,,,
Haret el Borg,35,237,222,459
Haret Eskaro,24,128,119,247
Haret el Karantina,14,49,59,108
Haret el Gheiti,7,51,52,103
Haret el Sayala el Charkieh,17,123,110,233
Haret el Sayala el Kobra,112,916,838,1754
Charé'h el Abassiri,87,739,634,1373
,296,2243,2034,4277
El Haggari,,,,
Charé'h el Adly,10,54,62,116
Haret el Battikhi,35,182,182,364
Charé'h Abou Gharbieh,17,122,121,243
Haret el Nadimi,14,64,60,124
Charé'h Zawiet Khattab,20,131,156,287
Haret Sidi Daoud,8,39,47,86
Haret el Wardani,32,202,223,425
Charé'h el Haggari,26,186,179,365
Charé'h Sa'dallah,26,181,223,404
Charé'h Abou Sen,45,385,356,741
,233,1546,1609,3155
Ras el Tine,,,,
Charé'h el Owad,47,286,248,534
Haret Ewedah,9,42,37,79
Haret el Damanhouri,13,69,70,139
Haret el Gamil,25,61,61,122
Haret Gadallah,20,44,51,95
Haret Ghorayeb,26,57,73,130
Haret Afifi,34,92,91,183
Haret el Badrawi,31,81,90,171
Haret Awadallah,37,110,90,200
Haret el Makhzaa,28,93,98,191
Haret el Tawabeh,24,88,96,184
Haret el Darb,33,73,84,157
Haret el Cha'er,30,67,71,138
Haret el Batrawi,14,46,62,108
Haret el Chahwan,22,78,78,156
Charé'h el Bahr,42,243,269,512
Charé'h el Gabal,32,212,198,410
Charé'h Ras el Tine w. Kichlak,7,662,108,770
Haret el Kabaline,54,488,456,944
,528,2892,2331,5223
Zawiet el Kabbanieh,,,,
Charé'h Sidi Youssef el Go’rani,29,115,113,228
Zokak Forn el Na`nayi,11,80,88,168
Zokak el Dayeh,15,108,129,237
Haret Yasso,12,54,54,108
Haret Abdel Wahab,11,74,75,149
Zokak Rayan,6,57,46,103
Zokak Ahmad el Barsigui,3,8,11,19
Haret Abdel Khalek el Bitache,7,19,26,45
Haret Sidi Mass’oud,10,59,54,113
Zokak el Fawal,13,61,64,125
Haret Abdel Aziz el Gallad,13,101,119,220
Haret el Hanafieh,50,322,306,628
Haret Matfan el Bitache,41,308,305,613
Charé'h Zawiet el Kabbanieh,47,394,318,712
Haret el Maktab,38,309,267,576
,306,2069,1975,4044
El Sayadine el Charki,,,,
Haret Bendoka,60,326,299,625
Charé'h Zawiet Bakir,16,108,115,223
Charé'h Saleh el Heddeni,21,154,157,311
Charé'h Chimi Bey,15,59,53,112
Charé'h Rassem Pacha,18,84,87,171
Charé'h el Anfouchi,12,37,39,76
Charé'h Moghrabi Effendi,25,127,129,256
Charé'h el Haggari,1,3,4,7
Charé'h Zawiet Khattab,20,164,195,359
Charé'h Sehsah,53,573,483,1056
Charé'h el Arab,36,256,255,511
Charé'h Aly Cha'ban,27,183,185,368
,304,2074,2001,4075
El Berka,,,,
Haret el Berka,54,245,320,565
Charé'h el Mawazini,13,186,197,383
Charé'h Abou Nawayah,25,198,192,390
Charé'h Gamé'h Taher Bey,34,179,225,404
Charé'h el Dib,57,175,296,471
Charé'h Bahnassi,51,519,295,814
Haret el Ghazalat,50,443,339,782
Charé'h el Haggari,38,291,230,521
,322,2236,2094,4330
El Sayala el Soghra,,,,
Haret el Maghrabi,15,100,84,184
Haret el Teleti,9,48,45,93
Haret Ibrahim el Fakharani,11,59,61,120
Haret Sidi Yacout,11,47,65,112
Haret el Ach'àl,16,111,124,235
Haret Abou Chagar,12,82,69,151
Haret el Dawayati,47,249,263,512
Charé'h el Sayala,21,197,204,401
Charé'h Sidi Kazaman,53,401,352,753
Charé'h Sidi Yacout,46,352,301,653
Haret el Boreni,67,516,437,953
,308,2162,2005,4167
El Mazar,,,,
Haret el Mazar,48,324,330,654
Haret el Mazar w. Saba' Koran,90,762,843,1605
Haret el Cheikh el Banna,36,294,325,619
Haret Sidi el Mawazini,149,948,939,1887
,323,2328,2437,4765
El Sayadine el Gharbi,,,,
Zokak Salha Effendi el Hakima,16,79,88,167
Haret Moussa Bey,5,18,24,42
Haret Ahmed Bey Bakri,36,276,248,524
Haret el Sa'aïda,18,113,126,239
Haret el Bechouti,5,42,35,77
Charé'h Ahmad Bey Abdallah,10,39,54,93
Charé'h Ahmad Effendi Ayad,8,72,65,137
Haret Yassa,28,153,183,336
Bazbouzet Karakiche,30,174,163,337
Haret Sidi Youssef el Go’rani,18,83,95,178
Haret Mahmoud Aly el Dib,31,157,177,334
Haret el Chabassi,9,55,54,109
Haret Abdel Hamid eff. Mass’oud,10,49,68,117
Charé'h Ras el Tine,38,267,246,513
Charé'h el Hanafieh,23,365,308,673
Phare,1,7,8,15
,286,1949,1942,3891
GOUMROUK Kism 1 - T. 2,,,,
Haret el Chemirli el Gharbi,,,,
Haret Bawabet el Cha'er,25,155,157,312
Haret el Tolombagui,17,126,107,233
Haret Ambar,38,180,172,352
Haret Abou Douèb,15,68,59,127
Haret el Deddah,12,73,73,146
Haret Zakaria Bey,28,203,184,387
Charé'h el Zabtieh,50,127,118,245
Charé'h el Kontarguieh,22,191,161,352
Charé'h Forn el Korkache,26,266,212,478
Sans résidence fixe,,100,12,112
,233,1489,1255,2744
El Maghawri,,,,
Haret el Chorbagui,22,101,125,226
Haret Hassel el Nebouche,29,148,172,320
Haret Rokka,28,129,120,249
Haret el Bannan,16,84,71,155
Haret el Nakhla,11,92,112,204
Haret Sa'fan w. el Fattala,35,183,189,372
Haret Zeithar,27,166,170,336
Charé'h Abou Wardeh,31,277,224,501
Charé'h el Maghawri,46,442,338,780
Sans résidence fixe,,135,29,164
,245,1757,1550,3307
El Halwagui,,,,
Haret el Kayal,10,66,71,137
Haret Rachid bey,16,119,125,244
Haret Badr el Dine,14,84,64,148
Haret Khalil el Masri,13,57,65,122
Haret Ass’as,6,52,47,99
Haret el Nakhla,21,101,102,203
Charé'h el Chemirli,12,60,56,116
Charé'h el Goumrouk,14,69,68,137
Haret Sidi Marzouk,24,249,258,507
Charé'h el Halwagui,37,438,381,819
Sans résidence fixe,,116,14,130
,167,1411,1251,2662
Charé'h el Bacha,,,,
Zokak el Mehtesseb,6,37,40,77
Zokak el Mechlef,11,59,64,123
Zokak el Abiad,20,114,120,234
Zokak Basmah,5,31,31,62
Haret Cherine Pacha,5,22,21,43
Charé'h Abou Wardeh,10,34,38,72
Eweneh Abou Wardeh,5,14,17,31
Charé'h Abou Sen,12,71,80,151
Charé'h Saffar Pacha,20,80,86,166
Charé'h Sour el Tarsana,22,534,83,617
Haret el Touroudi,46,256,285,541
Haret Sidi Mansour,24,140,131,271
Haret el Tolomba,15,58,71,129
Charé'h el Bacha,42,403,390,793
Sans résidence fixe,,156,17,173
,243,2009,1474,3483
Haret el Chemirli el Charki,,,,
Charé'h el Mahafzah,21,131,108,239
Haret el Chorbagui,10,39,62,101
Haret Rached Effendi,5,31,25,56
Haret Abou Ghali,11,56,51,107
Haret el Chemirli,17,136,108,244
Haret Affarah,10,52,68,120
Haret el Egl,12,60,55,115
Zokak el Chammà',5,19,15,34
Haret Abassi Hafez,13,82,94,176
Haret el Sa’ran,9,43,41,84
Haret el Zawawi,11,83,69,152
Charé'h Zawiet el Sa'arna,2,6,8,14
Zawieh Guomé’a,29,266,233,499
Haret Forn Salem,19,288,279,567
,174,1292,1216,2508
Medawara,,,,
Charé'h el Halwagui,10,117,113,230
Haret Badr el Dine,6,46,54,100
Haret Abou Tor,16,57,63,120
Charé'h el Kontarguieh,9,41,47,88
Haret dépendant de Medawara,9,41,43,84
Charé'h Zawiet el A'rag,8,71,58,129
Haret Medawara,42,227,249,476
Charé'h el Goumrouk el Kadim,7,37,31,68
Haret el Goumrouk el Kadim,5,24,25,49
Haret el Goumrouk el Kadim,5,31,24,55
Charé'h el Tolomba,19,119,133,252
Charé'h el Zabtieh,2,137,62,199
Haret dépend. de Charé'h el Zabtieh,6,17,15,32
Charé'h el Goumrouk el Kadim,78,908,555,1463
Sans résidence fixe,,212,53,265
,222,2085,1525,3610
El Temrazieh,,,,
Charé'h el Mahafzah,30,132,140,272
Haret el Mesekni,41,217,278,495
Haret Bez Ommeh,33,192,190,382
Charé'h Forn el Korkache,47,395,434,829
Haret el Temrazieh,58,448,497,945
Sans résidence fixe,,136,22,158
,209,1520,1561,3081
GOUMROUK - Kism 1 r 3,,,,
Souk el Samak el Kadim,,,,
Charé'h Souk el Samak el Kadim,24,132,165,297
El Charé'h el Mouballat,51,575,570,1145
Haret el Kholi,8,46,55,101
Haret Guemé’ay,4,45,35,80
Haret Terbana,17,132,123,255
Charé'h Madrasset el Amerikan,6,34,42,76
Charé'h el Mahkameh el Kadima,18,101,120,221
Haret el Ghatissi,25,179,207,386
Haret dépend. de Charé'h el Zabtieh,9,85,85,170
Woukalet el Laïmoun,27,450,416,866
Zawiet el Set,44,571,538,1109
Charé'h el Midan,6,17,13,30
Charé'h el Batarekh,26,189,198,387
Sans résidence fixe,,197,31,228
,265,2753,2598,5351
Ahou Choucha,,,,
Charé'h Consul el Malakan,20,104,89,193
Haret Ekkingui Osman,8,38,32,70
Haret el Mehtesseb,8,44,40,84
Haret el Garbou’ay,4,31,27,58
Charé'h Haret el Yahoud,12,81,91,172
Haret Bawabet el Chahhatine,5,45,44,89
Haret el Yahoud,9,55,61,116
Haret el Goharieh,14,99,85,184
Haret el Khawassine,5,27,27,54
Charé'h Aguinah,2,3,3,6
Haret Ghobrial,9,57,62,119
Haret Bawabet el Chami,11,68,78,146
Charé'h el Maltieh,6,113,115,228
Haret Affarah,8,52,48,100
Charé'h el Goumrouk,2,4,2,6
Charé'h el Gheriani,31,300,289,589
Gamé’h Sidi Lalo,44,389,400,789
Haret el Saba’ Koran,20,255,248,503
Charé'h Abou Choucha,52,533,480,1013
Sans résidence fixe,,167,,167
,270,2465,2221,4686
El Balaktarieh el Soghra,,,,
Charé'h 'Aly Bey Gueneina,6,21,16,37
Charé'h el Balaktarieh,18,71,74,145
Haret el Nadwi w. el Azzouni,19,116,141,257
Charé'h Abdel Men'em el Dalil,10,88,88,176
Charé'h Sidi Soleiman,22,136,127,263
Charé'h el Rakchi,41,356,364,720
Haret Kera',128,134,134,262
Haret Petracchi,17,107,113,220
Charé'h Mohammed Bey el Dib,13,59,75,134
Haret Souk el Manakhlieh,8,84,95,179
Charé'h el Midan,20,306,207,513
Charé'h Gamé'h Abdel Latif,13,108,109,217
Charé'h Bali,13,106,107,213
Charé'h el Sekka el Guedida,-,-,-,-
Haret Kotb Effendi,37,315,303,618
Haret Kahwet el Gharbi,44,433,436,869
Charé'h Souk el Barsim,45,692,589,1281
,342,3126,2978,6104
El Balaktarieh el Kobra,,,,
Haret el Rakchi,28,244,202,446
Charé'h Bab el Guir,50,510,451,961
Atfet Bab el Guir,3,10,14,24
Haret el Serafi,33,209,212,421
Haret Nouwar,9,63,66,129
Charé'h el Diwani,8,74,65,139
Zokak Kéla,11,105,95,200
Atfet Abou Aly,1,5,2,7
Atfet el Heddeni,1,9,13,22
Haret Koteit,12,71,83,154
Charé'h el Nahhassine,45,399,379,778
Haret el Souweni,24,185,173,358
Haret el Lakani,30,187,232,419
Haret el Sabbagh,7,35,35,70
Haret Nassib,20,139,122,261
Charé'h Farghali,18,120,128,248
Charé'h Inghilterra,26,191,198,389
Charé'h el Masri,11,59,70,129
Charé'h el Mostehi,3,11,12,23
Haret Aly Bey el Masri,24,185,200,385
Charé'h el Goumrouk,25,175,64,239
Sans résidence fixe,,221,28,249
,389,3207,2844,6051
Kabou el Mallah,,,,
Haret el Yahoud,11,66,55,121
Charé'h Haret el Yahoud,13,59,54,113
Haret Hassanein Salem el Zayat,5,27,29,56
Haret el Berri,11,76,90,166
Charé'h Haret el Rakchi,32,188,181,369
Haret el Kammache,24,136,137,273
Charé'h Kabou el Mallah,15,164,171,335
Haret Barghout,12,84,105,189
Charé'h el Bahr,1,2,,2
Charé'h Haret el Yahoud,46,425,419,844
Haret el Kerdassi,48,451,384,835
Haret el Nokali,41,300,282,582
Haret el Sayi,43,324,336,660
Sans résidence fixe,,117,10,127
,302,2419,2253,4672
"LABBANE - Kism 2, t. 4",,,,
El Ibrahimi w. Kahwet el Kezaz,,,,
Haret Kahwet el Kezaz,14,74,76,150
El Hara el Wassa’a,21,112,116,228
Charé'h el Karasta,19,91,81,172
Charé'h Haret Kahwet el Kezaz,12,53,42,95
Charé'h Karakol el Labbane el Kadim,10,68,64,132
Haret Kahwet el Kezaz,22,98,104,202
Haret Kahwet el Kezaz,26,104,98,202
Haret Kahwet el Kezaz,24,68,45,113
Charé'h Anastasi,11,51,36,87
Haret el Maltieh,16,73,74,147
Haret el Akbat,13,128,122,250
El Hara el Wassa'a,19,77,102,179
Charé'h el Hara el Wassa’a,11,44,31,75
Charé'h el Saboura,10,71,55,126
Charé'h el Hag Nazir,8,32,31,63
Charé'h el Ibrahimi,22,191,114,305
Haret dépend. d’el Hara el Wassa’a,34,310,242,552
,292,1645,1433,3078
El Menayar,,,,
Charé'h el Menayar et N° 5,102,588,547,1135
Charé'h Souk el Goma,51,92,46,138
Charé'h Stagni,32,64,25,89
Charé'h el Ibrahimi,47,181,138,319
Charé'h N° 4,273,781,510,1291
,505,1706,1266,2972
El Borhami w. Machmas el Bassal,,,,
Haret el Cheikh Ahmad Nour el Dine,56,339,328,667
Haret Hussein Nasr,38,221,250,471
Haret el Tourk,40,242,235,477
Machmas el Bassel,25,128,119,247
Charé'h el Borhami,56,295,255,550
,215,1225,1187,2412
El Sekka el Guedida w. Forn el Guerayah,,,,
Charé'h el Sekka el Guedida,90,310,194,504
Atfet el Saharig,2,5,4,9
Charé'h el Sagha el Kebira,9,22,11,33
Haret el Balaktarieh w. el Sagha el Kadima,1,1,,1
Atfet el Haddadine,1,2,,2
Atfet el Sabbaghine,,,,
Atfet Ratib Pacha,,,,
Atfet Souk Om el Khouloul,2,5,,5
Atfet Souk el Samak,3,5,,5
Charé'h el Karasta,28,37,6,43
Atfet el Saha,,,,
Charé'h Sidi Sabet,6,7,1,8
Charé'h el Kenissa,3,9,95,104
Atfet Mohsen,,,,
Charé'h el Tartouchi,3,5,,5
Charé'h Kom el Nadoura,6,14,6,20
Charé'h Saba' Saharig,6,34,31,65
El Hara el Wassa’a,7,26,22,48
Charé'h Forn el Guerayah el Kadim,4,26,19,45
Atfet Sidi el Akabawi,8,22,6,28
Charé'h el Karantina,12,83,11,94
Haret Karam,15,103,112,215
Charé'h el Goumrouk el Guedid,4,7,9,16
Charé'h Nazir,35,77,52,129
,245,800,579,1379
El Sabourah,,,,
Charé'h el Sabourah,295,1299,1204,2503
,295,1299,1204,2503
El Takhachib w. El Tartouchi,,,,
Charé'h el Takhachib w. el Hara el Wassa'a,310,1336,1067,2403
Charé'h el Tartouchi,184,188,181,369
Charé'h Nazir,79,467,374,841
,573,1991,1622,3613
"LABBANE - Kism 2, t. 5",,,,
El Farahdah,,,,
Haret el Farahdah,96,536,498,1034
Charé'h Sidi Scandar,157,829,779,1608
Charé'h el Choumani,82,395,364,759
Charé'h el Bourdi,32,192,188,380
,367,1952,1829,3781
Bab Sidra el Gouwani,,,,
Charé'h Bab Sidra el Gouwani,266,1703,1528,3231
,265,1703,1528,3231
El Nag,,,,
Haret el Nag,327,1159,1031,2190
Haret el Nag,242,1285,1233,2518
Haret el Nag,74,368,356,724
,643,2812,2620,5432
Kom el Choukafa el Gouwani w. el Borsa,,,,
Kom el Choukafa el Gouwani,135,273,164,437
Kom el Choukafa el Gouwani w. el Borsa,75,624,321,945
,210,897,485,1382
El Gueneina el Kobra,,,,
Charé'h el Gueneina el Kobra,126,163,289,452
Charé'h Kism Minet el Bassal,58,181,203,384
Charé'h Souk el Me’iz,97,595,529,1124
Charé'h el Manchieh el Soghra,9,71,72,143
Charé'h Abou el Derdar,78,481,262,743
Charé'h el Attarine,20,81,78,159
,388,1572,1433,3005
Gueneinet el Eiouni,,,,
Haret el Soukounieh,235,454,420,874
Haret Gueneinet el Eiouni,145,994,909,1903
Sans résidence fixe,,53,,53
,380,1501,1329,2830
Kom Bakir w. el Ibrahimi,,,,
Charé'h el Ibrahimi,198,1254,807,2061
Charé'h Kom Bakir,116,46,142,188
Haret el Gueneina el Soghra,60,84,105,189
,374,1384,1054,2438
"ATTARINE - Kism 3, t. 6",,,,
El Messalla w. Bab Charki,,,,
Charé'h Bab Charki,4,27,29,56
Charé'h el Messalla,117,366,346,712
Charé'h Hôpital Grec,51,398,311,709
Charé'h el Ramleh,110,693,469,1162
Sans résidence fixe,,34,7,41
,282,1518,1162,2680
Lazzaretto N° 2,,,,
Ezbet el Toubguieh,109,347,365,712
Ezbet el Fahhama,47,130,126,256
Charé'h Salakhana,6,165,53,218
Charé'h el Chatbi,1,1,,1
Ezbet el Gouwar,156,671,682,1353
,319,1314,1226,2540
El Souri bel Attarine,,,,
El Souri bel Attarine,406,2150,1965,4115
,406,2150,1965,4115
El Messalla w. Charé'h el Ramleh,,,,
Charé'h el Messalla N° 1,158,767,734,1501
Charé'h el Messalla N° 2,13,76,77,153
Charé'h el Messalla N° 3,85,304,251,555
,256,1147,1062,2209
Bab Charki,,,,
Haret el Fakhoura,43,310,301,611
Haret el Berka,94,634,597,1231
Charé'h Bab Charki,43,243,155,398
,180,1187,1053,2240
El Attarine w. Cicolani,,,,
Charé'h Bosta el Nemsa el Kadima,16,105,96,201
Charé'h el Attarine,30,476,439,915
Charé'h el Attarine w. Bab Omar Pacha,207,1133,1157,2290
Charé'h el Attarine w. Cicolani,341,1685,1598,3283
,594,3399,3290,6689
Kom el Dikka el Gharbi,,,,
Bab Charki,29,374,408,782
Kom el Dikka el Gharbi,256,1674,1678,3352
,285,2048,2086,4134
El Attarine,,,,
Haret Ibrahim Salem,12,50,60,110
Charé'h el Mahatta,39,388,206,594
Haret el Borayi,25,145,171,316
Haret Souélem,38,213,203,416
Haret Bedeir,35,162,143,305
Haret Consolato el Nemsa,35,186,197,383
Charé'h Cherif Pacha,8,118,147,265
Haret el Fora,42,313,254,567
Charé'h Bosta el Nemsa,2,37,37,74
Charé'h el Nemsa,1,15,22,37
Charé'h Nabi-Allah Danial,30,185,227,412
Charé'h Tewfik,24,301,300,601
Charé'h el Attarine,28,288,299,587
Sans résidence fixe,,112,,112
,319,2513,2266,4779
Lazzaretto N° 1,,,,
Ezbet Gabr,22,56,79,135
Ezbet el Touta,16,71,62,133
Ezbet el Messalla,173,760,695,1455
Ezbet el Magaïrieh,100,377,385,762
,311,1264,1221,2485
Cherif Pacha w. el Messalla,,,,
Charé'h Cherif Pacha,29,262,236,498
Charé'h Kenisset Debbane,11,52,55,107
Charé'h Bab Charki,7,37,48,85
Charé'h Saïd,72,540,568,1108
Charé'h Nabi-Allah Danial,106,679,666,1345
Mahatteh Ramleh,170,1616,1103,2719
,395,3186,2676,5862
Kom el Dikka el Charki,,,,
Kom el Dikka el Charki,245,1604,1554,3158
,245,1604,1554,3158
"MINET EL BASSAL - Kism 4, t. 7",,,,
Tabiet Saleh,,,,
Charé'h el Mex,5,11,7,18
Haret Darwiche el Bourdéni,14,100,91,191
Haret Menasce,5,11,11,22
Atfet Ahmad Annous,53,359,328,687
Haret el Gamé’h,185,964,942,1906
Haret Abou el Enein,92,446,448,894
,354,1891,1827,3718
El Mafrouza,412,,,
Charé'h el Assi,58,333,293,626
Haret Farahat,36,208,189,397
Charé'h el Mafrouza,318,1374,1159,2633
,412,2015,1641,3656
Kafret el Arab,,,,
Charé'h Kafret el Arab,77,293,273,566
Haret Kafret el Arab,155,672,613,1285
Haret Om Kebeba,57,202,172,374
Kafret Abdel Halim,92,371,335,706
Charé'h el Mex,8,33,19,52
Sans résidence fixe,,72,,72
,389,1643,1412,3055
Bab el Gabbari,,,,
Haret Aly el Garran,7,34,36,70
Haret Mohammed Ghelèche,24,68,70,138
Haret el Chimi,9,44,45,89
Haret el Bey,3,9,18,27
Haret Mohammed Awad el Banna,5,25,22,47
Haret Hassan el Naga,3,14,10,24
Haret Soleiman el Kalachi,6,24,31,55
Haret Aly Atwa,7,30,29,59
Haret Helal Nabawi,28,157,142,299
Atfet Bayoumi Mohammed,11,37,28,65
Haret Hassan el Ghoul,29,87,100,187
Atfet Ibrahim Khalaf,6,23,26,49
Haret Aly Mohsen,26,117,118,235
Haret Mohammed Mohsen,6,25,32,57
Haret Atiah Ibrahim,4,19,18,37
Haret Aly el Gohari,16,55,52,107
Haret Aly el Safti,5,19,26,45
Haret Abdel Rahman Mohammed,10,23,26,49
Haret Mohammed el Chimi,19,55,68,123
Haret Mohammed Afifi,29,135,136,271
Haret Mohammed Metwalli,29,128,157,285
Haret Fathallah Dessouki,13,72,75,147
Haret Hassan Hassab-el-Nabi,12,49,80,129
Haret Kom el Malh,29,134,130,264
Haret Khalil Homa,29,107,122,229
Haret Aly Freha,9,27,41,68
Kantaret el Sekka Hadid,8,24,29,53
Bab el Gabbari,14,38,58,96
Charé'h el Mex,26,198,208,406
Charé'h el Gueneina,33,206,209,415
Charé'h Makhzan el Gaz,29,216,189,405
Haret Hassan Chalabi,87,513,494,1007
Gueneinet el Gabbari,38,231,182,413
Sans résidence fixe,,179,53,232
,609,3122,3060,6182
El Mex,,,,
El Mex,283,1206,921,2127
,283,1206,921,2127
Kafr Achri,,,,
Charé'h el Mahmoudieh,4,16,20,36
Haret Mohammed Rezk,6,30,30,60
Haret Karkour,11,45,42,87
Haret Ahmad Achri,4,11,16,27
Charé'h el Hag Issa,10,49,53,102
Charé'h Zulficar,,,,
Charé'h Gamé'h el Hag Issa,1,11,5,16
Haret Achmawi w. Rostom,19,92,91,183
Haret Hassan Abou Aly,16,97,104,201
Haret el Hag Issa,19,84,100,184
Haret el Mekaddem Youssef,6,30,29,59
Haret el Hag Mekkawi,25,141,173,314
Haret Agami,11,81,80,161
Haret el Chadli,9,63,68,131
Haret el Hahache,16,83,80,163
Haret el Bey,84,453,437,890
Haret el Gueneina,52,318,281,599
Sans résidence fixe,,182,21,203
,293,1783,1630,3416
Kafr Achri el Awadi,,,,
Phare,1,7,,7
Charé'h el Daira Sanieh,6,11,8,19
Charé'h Zervudachi,6,7,,7
Charé'h el Tarikh,3,9,10,19
Charé'h Mahattet el Gabbari,28,60,32,92
Atfet Abdel Nabi,45,335,309,644
Atfet el Segayi,3,17,9,26
Charé'h Zulfikar,33,152,134,286
Atfet el Hag Eid,15,68,77,145
Atfet Abou Sakr,4,15,19,34
Atfet Darwiche Khalil,19,74,75,149
Atfet Youssef Abdel Wahab,51,188,198,386
Atfet Abou Chohra,10,52,50,102
Haret el Sab,28,165,168,333
Atfet el Bahr,3,3,,3
Charé'h Forn el Guerayah,4,10,2,12
Ezbet el Fakhoura,16,36,35,71
Ezbet el Antika,31,72,84,156
Mohattah el Gabbari,80,81,11,92
Sans résidence fixe,,97,15,112
,388,1459,1236,2695
El Gabbari,,,,
Charé'h el Mex,3,6,11,17
Haret Ismaïl Bey,18,54,67,121
Haret Gamé’h Hussein Pacha Helmi,18,63,59,122
Haret el Dahliche,63,285,302,587
Atfet dépendt. de Charé'h el Mex,3,5,3,8
Haret Abdel Karim Moutapha el Khachiche,7,51,76,127
Haret el Cheikh Hassan Ahmed Sayed,18,78,86,164
Haret Abdel Fattah el Nazer,8,22,26,48
Haret Gueneina Hassan Chalabi,12,62,34,96
Haret Mohammed Chabaka,20,163,182,345
Haret Hassanein el Zayat,9,47,53,100
Haret Farghal,3,22,14,36
Haret Sid Ahmad el Marhoumi,16,54,63,117
Haret Moursi Ahmad el Mizayen,7,29,25,54
Haret el Dayah,6,29,27,56
Haret Ibrahim Abou Hassan,16,65,76,141
Haret Amer,20,78,81,159
Zawiet el Hag Soleiman,10,34,38,72
Haret Hassan Siriakoussi,9,52,44,96
Haret Wabour Mohammed Afifi,7,27,19,46
Haret Ahmad Hammad,6,38,28,66
Haret Tourk Om Salem,19,91,96,187
Haret el Fahira,53,236,217,453
Haret Wabour Mohammed Afifi,25,70,59,129
Sans résidence fixe,,186,18,204
,376,1847,1704,3551
El Dekheila,,,,
El Dekheila,244,1220,1030,2250
,244,1220,1030,2250
Souk el Wardian,,,,
Charé'h el Mex,18,67,54,121
Atfet Ibrahim el Ghawi,19,57,64,121
Atfet el Toubguieh,24,80,78,158
Atfet el Selouk,4,8,5,13
Atfet el Hakim,191,838,840,1678
Atfet el Youssara,101,500,459,959
,357,1550,1500,3050
Campements,,,,
Bédoains à Souk el Wardian,,2486,642,3128
,,2488,642,3128
"MOHARREM BEY w. MINET EL BASSAL - Kism 5, r. 8",,,,
Amoud el Sawari,,,,
Minet el Bassal w. Kobri Hasseb,5,18,6,24
Minet el Bassal,3,165,5,170
Haret Gadallah,14,171,120,291
Charé'h Kom el Choukafa w. Gamé'h Cha’at,17,98,94,192
Haret Ahmad Aly el Naggar,20,123,101,224
Haret Mohammed Abdel Rub w. Ahmad Chata,28,187,179,366
Haret Mohammed Waked,23,96,79,175
Haret Aly Hamchara,25,91,82,173
Haret Ibrahim Hassan,20,100,93,193
Haret Ismail Younès,21,81,91,172
Haret Mohammed Abou Hachem,20,67,77,144
Haret Hussein Hassan,18,68,55,123
Haret Mahmoud Ata,20,49,53,102
Haret Abdallah el Derini,21,65,70,135
Haret Mohammed Abou el Seoud,21,73,78,151
Haret el Saffouri,16,60,59,119
Haret Bassiouni Bassiouni,17,57,52,109
Haret Khafagui,19,63,67,130
Haret Ibrahim Abou Chams,16,42,41,83
Haret Abou Gabr,22,72,86,158
Haret Hassan el Fiki,21,47,48,95
Haret Abou Zayed,24,63,67,130
Haret El Ghassal,17,68,72,140
Haret Barouf,,,,
Sans résidence fixe,,237,49,286
,428,2161,1724,3885
Charki Bab el Guédid,,,,
Charé'h el Sekka el Hadid,93,471,473,944
Charé'h Moharrem Bey,8,45,44,89
Charé'h el Manchieh,28,73,81,154
Charé'h Moharrem Bey,81,522,482,1004
Charé'h el Hadika,39,98,114,212
Charé'h Gueneinet el Bawab,95,432,443,875
Charé'h Ezbet Ghorbal,23,51,59,110
Charé'h Paolino,109,467,442,909
Charé'h Chat el Mahmoudieh,33,80,63,143
Charé'h Gamé'h Soultan,53,111,92,203
Charé'h el Hadika,24,147,154,301
Charé'h Haret Echech el Sabil,60,166,169,335
Khartet Gamé'h el Hadari w. Gheit el Bawab,72,320,299,619
,718,2983,2915,5898
Bab Omar Pacha,,,,
Haret el Hamamsi,19,92,101,193
Haret el Arini,37,257,263,520
Haret Sallam,38,280,294,574
Haret el Tawil,37,229,229,458
Haret el Sayed Charaf,31,178,195,373
Haret Makardous,24,102,134,236
Haret Abdel Halim,26,123,129,252
Haret el Fakharani,29,177,180,357
Haret Ismaïl Batta,35,233,213,446
Haret el Kasfariti,28,172,185,357
Haret Ibrahim Sanad,38,184,185,369
Gabal Nubar Pacha,130,798,709,1507
Charé'h el Amoud,31,165,167,332
Haret Beltagui Abou Mandour,25,147,160,307
Charé'h el Karakol,32,163,168,331
Haret Ibrahim Issa,24,141,143,284
Charé'h Omar Pacha,23,113,91,204
Haret el Guizawi,52,247,241,488
Sans résidence fixe,,212,,212
,659,4013,3787,7800
Kom Chokafa el Barrani,,,,
Haret el Fahaïri,33,148,176,324
Haret el Sayed Ewedah,41,173,202,375
Charé'h Aly Bey Hussein,9,70,66,136
Haret Chata,41,214,218,432
Haret Cha’at,48,213,217,430
Haret Aly Bey Hussein Gharbi,3,3,,3
Charé'h Aly Bey Hussein Kebli,8,37,33,70
Charé'h Hassan Bey Abdallah,7,27,32,59
Haret Kolkela,47,288,280,568
Haret Charchar,50,285,316,601
,287,1458,1540,2998
Bab Sidra el Barrani,,,,
Charé'h Amoud el Sawari,30,76,75,151
Haret Moustapha Hannout,63,230,254,484
Haret Amine Madwar,88,420,372,792
Haret Moussa Aly el Dallal,55,317,283,600
Haret Soleiman Effendi,49,226,245,471
Haret Moursi Zaher,37,175,168,343
Haret Hussein Farag,8,41,36,77
,330,1485,1433,2918
Hadra w. El Ibrahimieh,,,,
Gueneinet el Nouzha,10,31,8,39
Ezbet Prince Ahmad Pacha,70,209,218,427
Charé'h Moustapha Bey el Manzalawi,76,221,212,433
Ezbet Menasce,21,78,74,152
Charé'h Bacha,24,105,115,220
Ezbet el Royah,42,72,87,159
Ezbet Prince Ahmad Pacha,42,121,128,249
Haret Mohammed Allam,13,54,54,108
Ezbet Ahmad Pacha Ra'fat,22,54,68,122
Haret Wabour Selim w. Charé'h Youssef Bey,98,426,454,880
Charé'h el Hag Ibrahim el Ammar,23,66,70,136
Charé'h Osman Pacha,30,74,94,168
Charé'h Youssef el Mekhemar,54,133,154,287
Ezbet Toussoun Pacha,77,186,215,401
Haret el Gazayer,18,57,49,106
Haret Salem Badr,10,51,56,107
Haret el Farran,13,153,155,308
Haret el Raïs,17,47,61,108
Haret Ewedah,8,53,60,113
Ibrahimieh,61,159,137,296
Ezbet Toussoun Pacha,48,112,120,232
Ezbet Makhlouf,35,122,128,250
Charé'h Mohammed Zeidan,13,31,42,73
Charé'h Chehawi,15,50,59,109
Ezbet Prince Ibrahim Pacha,74,210,201,411
Charé'h el Hadra,73,306,289,595
Sidi Gaber,99,305,319,624
Ezbet Ragab Pacha,10,32,19,51
Ezbet el Hag Hegazi,29,63,83,146
Charé'h Tayel,14,48,55,103
Ezbet Antoniades,41,67,73,140
Ezbet Osman Pacha Orfi,35,108,120,228
Ezbet Guemé'aï,9,20,11,31
Sans résidence fixe,,123,27,150
,1224,3947,4015,7962
Gharbi Bab el Guédid,,,,
Charé'h el Tawabi,69,903,384,1287
Haret el Médah,38,135,160,295
Haret el Game’h,38,193,194,387
Haret el Hammarah,41,201,211,412
Haret Tabeh el Dine,55,301,349,650
Haret Aly Khalil,52,250,284,534
Haret el Hossari,60,250,274,524
Haret el Madrassa,156,715,709,1424
Charé'h el Khodari,40,206,211,417
El Moghrabi,151,670,681,1351
,700,3824,3457,7281
Gharbi Karmouz,,,,
Charé'h el Maghrabi,20,125,117,242
Charé'h Wabour el Gaz,50,280,292,572
Haret Moursi el Sabbagh,8,46,62,108
Haret Ahmad Farghali,43,255,260,515
Haret Aly Badr el Farran,24,127,149,276
Haret el Lessi Moustapha,17,124,118,242
Haret Awad Ga'far,29,159,172,331
Haret Abou Fodah,18,122,88,210
Haret Aly el Guizawi,13,54,66,120
Haret Abou el Naga Effendi,33,135,149,284
Charé'h Karmouz,68,332,352,684
,323,1759,1825,3584
Gharb Kom Choukafa,,,,
Charé'h el Mahmoudieh,23,57,53,110
Ezbet Kom el Choukafa,44,192,177,369
Charé'h Wabour el Zeit,13,54,49,103
Haret el Rassif w. Haret el Wabour,15,89,93,182
Haret el Marakbieh,38,171,188,359
Haret el Gaazouri,39,197,201,398
Haret el Touradi,44,185,200,385
Haret Om Hartein,53,202,227,429
Haret el Hadayer,43,195,184,379
Charé'h el Souk,41,166,151,317
,353,1508,1523,3031
Moharrem Bey,,,,
Charé'h Moharrem Bey,26,211,199,410
Charé'h Kassem Pacha,21,70,76,146
Ezbet el Echach el Koubar,82,296,320,616
Charé'h Rostom Bey,4,16,18,34
Charé'h Abdel Latif Bey Erfan,18,54,55,109
Haret el Gamé'h,13,63,65,128
Haret Erfan Pacha,9,38,44,82
Khartet Paolino,135,588,635,1223
Charé'h Wabour el Talg,26,95,76,171
Charé'h el Farkha,26,17,15,32
Charé'h el Mineh,25,95,107,202
Charé'h Mahmoudieh,39,144,164,308
Charé'h Lombroso,58,162,165,327
Charé'h el Farkha,105,299,316,615
Ezbet Ahmad Pacha Raafat,23,58,57,115
Ezbet Averoff,15,40,28,68
Ezbet Toussoun Pacha,44,101,122,223
Ezbet el Echrafieh,25,63,71,134
Ezbet Echach el Derissah,9,19,25,44
,703,2429,2558,4987
Gheit el Enab,,,,
Charé'h Ragheb Pacha,55,237,244,481
Haret Rezeka Ismaïl,20,90,89,179
Haret Sa'd el Zalabani,22,86,91,177
Haret Moussa Kaboudan,17,91,79,170
Haret Ahmad Radouan,9,32,21,53
Haret Ibrahim Ga'far,19,54,73,127
Haret Mahmoud el Moufti,10,46,54,100
Haret Saleh el Amroussi,11,56,53,109
Haret el Sayed Sallam,9,66,80,146
Moustapha Khattab,20,91,102,193
Haret Aly Ahmad el Tourki,29,118,120,238
Haret Hussein Aly el Naggar,80,281,278,559
Ezbet Ragheb Pacha,109,375,373,748
Gheit el Enab,221,677,685,1362
Chat el Mallaha,1,2,,2
,632,2302,2342,4644
Charki Karmouz,,,,
Haret Osman Rezeka,12,60,72,132
Haret Hanafi Mahmoud el Guendi,31,157,171,328
El Kharta el Mostagadda,71,287,282,569
Haret el Sour,12,49,49,98
Haret Mohammed Mosbah,8,33,29,62
Haret Mohammed Emarah,26,121,139,260
Haret Mohammed Daoud,15,67,73,140
Haret Mohammed Ahmad el Mestehi,15,56,59,115
Haret Hachem Mohammed Bayoumi,12,46,47,93
Charé'h Wast el Chiakha,13,89,82,171
Haret el Moghrabi,7,14,6,20
Haret Habib Eid,9,16,24,40
Haret Ibrahim Effendi Soleiman,24,100,93,193
Haret Mohammed Abdel Nabi,12,53,49,102
Haret Mohammed Goudeh,14,63,76,139
Haret Mohammed Ismaïl el Banna,33,113,130,243
Haret Aly el Samouli,6,25,21,46
Charé'h Omar Pacha,4,19,20,39
Charé'h Karmouz w. el Mahmoudieh,16,59,58,117
Haret Mahmoud Ahmad el Nakkache,7,26,24,50
Haret Ahmad Abdallah,3,8,18,26
,350,1461,1522,2983
El Ghatès,,,,
El Ghatès w. Charé'h Hassan Bey,27,141,142,283
El Ghatès w. Charé'h el Sirgueh,52,270,248,518
El Ghatès w. Gamé'h Hassan Bey,105,429,444,873
Haret Mohammed Abdel Rahman el Ketami,17,93,89,182
Haret el Sayed Farhoudah,14,92,83,175
Haret Afifi Abouti el Gazzar,15,85,86,171
Haret Abdel ’Ati el Adawi,11,48,57,105
Haret Mohammad el Gueheni,12,50,36,86
Haret Ahmad ’Aly el Mahallawi,14,53,48,101
Haret el Ordi,29,111,89,200
Haret el Lessi,15,84,89,173
Haret Soleiman Hussein,28,166,175,341
Haret el Cheikh Aly el Tantawi el Koutaibi,31,151,137,288
,370,1773,1723,3496
El Toubguieh,,,,
Charé'h Abdel Rahim Mohammed,13,45,40,85
Haret Ahmad Soleiman,81,319,251,570
Charé'h Osman el Zayat,57,186,178,364
Haret el Cheikh Mansour el Chafé'i,19,48,59,107
Haret el Gallada,24,65,71,136
Haret el Sayed Moursi,23,80,68,148
Haret Hediyah Mohammed,22,68,54,122
Haret el Cheikh Abdel Razzak Hassan,32,76,74,150
Haret Mohammed Ismaïl el Bittar,24,48,50,98
Haret el Cheikh Ibrahim Mohammed,26,94,69,163
Haret el Cheikh Abdel Razzak Ahmad,23,54,51,105
Charé'h Bab Sidra el Barrani,3,8,3,11
,347,1091,968,2059
El Kara w. Charki Kom el Choukafa,,,,
Charé'h Wabour el Gaz,35,157,149,306
El Meghra w. el Mahmoudieh,65,185,177,362
Charé'h Karmouz,20,92,124,216
Charé'h el Moghrabi,30,163,140,303
Charé'h el Kara,68,349,359,708
Haret Saïd Aly,7,34,38,72
Haret Mohammed Khalifa,8,38,45,83
Haret Hassan Amacha,16,71,78,149
Haret Osman Effendi Kandil,17,67,76,143
Charé'h el Chagar,38,159,170,329
Haret Habib Eid,24,82,102,184
,328,1397,1458,2855
El Toubguieh w. Bahri Kom el Choukafa,,,,
Charé'h Hassan Abdallah w. Ibrahim Sid Ahmad,34,188,203,391
1er Atfet du Charé'h Kom el Choukafa,12,52,59,111
2me Atfet du Charé'h Kom el Choukafa,17,66,81,147
3me Atfet du Charé'h Kom el Choukafa,14,93,91,184
4me Atfet du Charé'h Kom el Choukafa,18,85,98,183
Charé'h Kom el Choukafa w. Aly Sid Ahmad,11,54,57,111
Haret Sid Ahmad Mekkawi w. Ahmed Ayoub el Gamé'h,29,197,182,379
1er Haret el Cheneti,29,210,178,388
2me Haret el Cheneti,6,36,26,62
Haret el Dakma,57,140,160,300
Haret el Kabchawi,68,238,202,440
Haret Abou Chemar,46,232,215,447
Haret el Toubguieh,28,124,117,241
Haret el Gohari,24,116,119,235
Charé'h el Sirgueh w. Haret Gamé'h Ayoub,7,12,23,35
,400,1843,1811,3654
Bab Sidra el Barrani,,,,
Haret Ahmad Effendi Rouchdi,27,158,173,331
Haret Hassan el Serafi el Farran,15,87,93,180
Haret Bismot,37,64,30,94
Haret Hassan el Hammami w. Moh. Gaber,21,116,119,235
Haret Rabi’ el Gallad,26,124,132,256
Haret Ahmad Bakri Khater,33,162,173,335
Charé'h Ragheb Pacha,11,27,20,47
Haret Saleh Effendi,40,178,194,372
Haret Mohammed Effendi Zahed,30,111,99,210
Haret Zouweil,37,171,186,357
Charé'h Soultan,21,99,94,193
Haret Arafa el Khabbaz,26,101,111,212
Haret Ibrahim Degheche,17,91,96,187
Haret Sa’dallah Bej Hallaba,28,159,150,309
Hawari Bab Sidra,49,230,266,496
Haret Osman Pacha Naguib,32,147,141,288
,450,2025,2077,4102
MANCHIEH,,,,
El Hamamil,,,,
Charé'h el Warcha,95,685,600,1285
Charé'h el Halwagui,65,471,362,833
Charé'h el Guiddawi,69,475,468,943
Charé'h Anastasi,36,267,230,497
Charé'h el Saba Banat,11,56,40,96
Charé'h el Hamamil,65,354,257,611
Charé'h el Sekka el Guédida,4,31,20,51
Sans résidence fixe,,115,13,128
,345,2454,1990,4444
El Set Ne’emah,,,,
Charé'h el Set Ne’emah,159,1164,1044,2208
Charé'h el Sekka el Guédida,4,11,11,22
Gamé’h el Cheikh,23,92,90,182
Charé'h Anastasi,20,79,52,131
Charé'h Ratib Pacha,20,85,51,136
Charé'h el Attarine,7,88,87,175
El Manchieh el Kobra,19,159,167,326
Charé'h el Bosta Masriah,7,47,46,93
Charé'h el Paradiso,12,96,135,231
Charé'h el Manchieh el Soghra,24,154,154,308
Charé'h el Warcha,8,30,27,57
Charé'h Loukoullos,31,128,116,244
Charé'h el Saba Banat,63,451,543,994
,397,2584,2523,5107
Haret el Magharba,,,,
Charé'h Haret el Magharba,38,297,254,551
Zokak Abou el Kheir,16,95,84,179
Zokak el Wakf,19,135,135,270
Zokak Sidi Khadr,11,84,74,158
Souk el Baddadine,1,7,5,12
Charé'h Hammam el Cheikh,5,39,27,66
Charé'h Souk el Menagguédine,3,26,27,53
Charé'h Ibrahim,2,26,16,42
Charé'h Beit el Cheikh,17,154,148,302
Charé'h Gamé’h el Kadi,21,104,100,204
Charé'h Souk el Dikik,7,21,11,32
Zokak el Arab,15,142,128,270
Zokak el Torab,16,167,148,315
Charé'h Gamé’h el Cheikh,6,30,14,44
Charé'h el Menkayi,13,167,162,329
El Sekka el Guedida,7,70,62,132
Souk el Kanto,29,200,146,346
Souk el Kontarguieh,7,123,84,207
Souk el Habbaline,3,50,48,98
Charé'h Kahwet Mohammed Aly,8,23,8,31
Kahwet El Laban,16,202,202,404
Charé'h Agzakanah Galetti,2,50,36,86
Charé'h Chader el Battikh el Guedid,19,92,91,183
Charé'h Chader el Battikh el Kadim,13,90,50,140
Charé'h Hamman Danubio,17,62,43,105
Souk el Tourk,15,326,257,583
Charé'h el Tabbakhine,8,60,37,97
Souk el Akkadine,7,71,43,114
Charé'h el Sayaref,3,63,42,105
Charé'h el Sagha el Soghra,6,103,84,187
Souk el Kharratine,2,14,8,22
Souk el Noukalieh,2,53,51,104
Charé'h el Zabtieh,56,833,578,1411
Souk el Khet,3,36,30,66
Sans résidence fixe,,104,,104
,413,4119,3233,7352
Karakol el Labbane,,,,
Charé'h el Diar el Guédad,55,392,341,733
Haret el Labbanine,69,497,488,985
Haret Gamé'h el Fahham,68,595,564,1159
Charé'h Gamé’h el Fahham,18,100,85,185
Haret Malta,21,104,118,222
Charé'h Anastasi,48,295,316,611
Charé'h el Ibrahimi,19,110,117,227
Charé'h el Warcha,5,45,43,88
Kom el Nadoura,81,99,51,150
,384,2237,2123,4360
RAMLEH,,,,
Aly Ibrahim el Soubki,,,,
Bulkeley,149,498,478,976
Fleming,82,245,324,569
Bacos w. el Souk,213,817,540,1357
Abou el Nawatir,60,828,109,937
,504,2388,1451,3839
Hassan Soleiman Bissar,,,,
Ezbet Achour w. Abdallah,104,362,395,757
El Kossayi w. Rommana,70,274,297,571
El Bank w. Ezbet Hussein Pacha,10,30,27,57
Haret el Chokhchokh,67,410,357,767
Seffer,55,202,281,483
Schufz,125,342,415,757
San Stefano,46,180,182,362
Ezbet Ghobrial w. Sallam,46,148,179,327
Dar Issa w. el Siouf,87,372,370,742
,610,2320,2503,4823
Moustapha Abdallah,,,,
Hagar el Nawatieh,131,351,324,675
El Dahrieh,202,799,855,1654
El Aksa,118,1448,1374,2822
,451,2598,2553,5151
Campements,,,,
Bédouins,,531,531,1062
,,531,531,1062
PORT,,,,
Navires à vapeur,42,1764,154,1918
Bâtiments à voiles,79,699,194,893
,121,2463,348,2811
ENVIRONS,,,,
Station gardes-côtes Ramleh,,42,39,81
Station gardes-côtes Sidi Bechr,,35,46,81
Station gardes-côtes El Kharban,,18,11,29
El Mandara,112,525,501,1026
Ezbet Marzouk,26,103,85,188
Ezbet Zayan,44,149,184,333
Ezbet Abdallah,20,72,65,137
El Kharaba,68,276,284,560
El Montazah (Palais),33,92,117,209
El Montazah (Ezbet),34,64,49,113
Aboukir,156,590,578,1168
Campements (Bédouins),,406,388,794
,493,2372,2347,4719
